"text","expected_sentiment"
"I absolutely love this product, it works perfectly!","Positive"
"The food was terrible, and the service was even worse.","Negative"
"It's an average day, nothing special happened.","Neutral"
"This movie made me so happy, I can't stop smiling.","Positive"
"I'm extremely disappointed with the purchase.","Negative"
"The weather is okay, just a bit cloudy.","Neutral"
"Great customer service and fast delivery!","Positive"
"I wouldn't recommend this to anyone.","Negative"
"It's fine, not too good, not too bad.","Neutral"
